<?xml version="1.0" encoding="utf-8"?>
<root>
  <channels>
    <item id="portal" cat="self">官方</item>
    <item id="anzhi" cat="market">安智</item>
    <item id="gfan" cat="market">机锋</item>
    <item id="appchina" cat="market">应用汇</item>
    <item id="hiapk" cat="market">安卓</item>
    <item id="m91" cat="market">91</item>
    <item id="nduo" cat="market">N多</item>
    <item id="googleplay" cat="market">GooglePlay</item>
    <item id="qq" cat="market">腾讯QQ</item>
    <item id="mumayi" cat="market">木蚂蚁</item>
    <item id="huawei" cat="productor">华为智慧云</item>
    
    <item id="m360" cat="market">360</item>
    <item id="m3g" cat="market">3G门户</item>
    <item id="umeng" cat="others">友盟</item>
    <item id="xiaomi" cat="productor">小米</item>
  </channels>
</root>